ID,Name,Regno
1,User1,85
2,User2,78
3,User3,92
4,User4,88
5,User5,76
6,User6,90
7,User7,81
8,User8,95
9,User9,84
11,User11,91
12,User12,87
13,User13,82
14,User14,89
15,User15,77
16,User16,93
17,User17,80
18,User18,86
19,User19,94
20,User20,83
21,User21,88
22,User22,79
23,User23,90
24,User24,84
25,User25,76
26,User26,92
27,User27,81
28,User28,95
29,User29,87
30,User30,78
31,User31,89
32,User32,82
33,User33,91
34,User34,85
35,User35,77
36,User36,93
37,User37,80
38,User38,88
39,User39,94
40,User40,83
41,User41,86
42,User42,79
43,User43,90
44,User44,84
45,User45,76
46,User46,92
47,User47,81
48,User48,95
49,User49,87
50,User50,78
51,User51,89
52,User52,82
53,User53,91
54,User54,85
55,User55,77
56,User56,93
57,User57,80
58,User58,88
59,User59,94
60,User60,83
61,User61,86
62,User62,79
63,User63,90
64,User64,84
65,User65,76
66,User66,92
67,User67,81
68,User68,95
69,User69,87
70,User70,78
71,User71,89
72,User72,82
73,User73,91
74,User74,85
75,User75,77
76,User76,93
77,User77,80
78,User78,88
79,User79,94
80,User80,83
81,User81,86
82,User82,79
83,User83,90
84,User84,84
85,User85,76
86,User86,92
87,User87,81
88,User88,95
89,User89,87
90,User90,78
91,User91,89
92,User92,82
93,User93,91
94,User94,85
95,User95,77
96,User96,93
97,User97,80
98,User98,88
99,User99,94
100,User100,83
