ID,Name,Value
1,Item_1,10
2,Item_2,20
3,Item_3,30
4,Item_4,40
5,Item_5,50
6,Item_6,60
7,Item_7,70
8,Item_8,80
9,Item_9,90
11,Item_11,110
12,Item_12,120
13,Item_13,130
14,Item_14,140
15,Item_15,150
16,Item_16,160
17,Item_17,170
18,Item_18,180
19,Item_19,190
20,Item_20,200
21,Item_21,210
22,Item_22,220
23,Item_23,230
24,Item_24,240
25,Item_25,250
26,Item_26,260
27,Item_27,270
28,Item_28,280
29,Item_29,290
30,Item_30,300
31,Item_31,310
32,Item_32,320
33,Item_33,330
34,Item_34,340
35,Item_35,350
36,Item_36,360
37,Item_37,370
38,Item_38,380
39,Item_39,390
40,Item_40,400
41,Item_41,410
42,Item_42,420
43,Item_43,430
44,Item_44,440
45,Item_45,450
46,Item_46,460
47,Item_47,470
48,Item_48,480
49,Item_49,490
50,Item_50,500
